name,position,team,ktcValue,value
Ja'Marr Chase,WR,CIN,9998,84
Jahmyr Gibbs,RB,DET,9995,84
Bijan Robinson,RB,ATL,9993,84
Josh Allen,QB,BUF,9965,83
Jaxon Smith-Njigba,WR,SEA,9290,74
Brock Bowers,TE,LVR,9132,72
Drake Maye,QB,NEP,9005,71
Puka Nacua,WR,LAR,8928,70
Trey McBride,TE,ARI,8101,59
Amon-Ra St. Brown,WR,DET,7905,56
Caleb Williams,QB,CHI,7887,56
Lamar Jackson,QB,BAL,7618,53
Ashton Jeanty,RB,LVR,7617,53
Jayden Daniels,QB,WAS,7561,52
Justin Jefferson,WR,MIN,7429,51
Malik Nabers,WR,NYG,7415,50
Joe Burrow,QB,CIN,7390,50
Jeremiyah Love,RB,ARI,7379,50
CeeDee Lamb,WR,DAL,7157,47
Omarion Hampton,RB,LAC,7000,45
Colston Loveland,TE,CHI,6992,45
Justin Herbert,QB,LAC,6975,45
Drake London,WR,ATL,6974,45
De'Von Achane,RB,MIA,6845,43
Tyler Warren,TE,IND,6675,41
Emeka Egbuka,WR,TBB,6337,37
Patrick Mahomes,QB,KCC,6322,37
Tetairoa McMillan,WR,CAR,6318,37
Jonathan Taylor,RB,IND,6303,37
James Cook,RB,BUF,6275,37
Trevor Lawrence,QB,JAC,6243,36
Jaxson Dart,QB,NYG,6216,36
George Pickens,WR,DAL,6143,35
Jalen Hurts,QB,PHI,6023,34
Bo Nix,QB,DEN,5985,33
Carnell Tate,WR,TEN,5968,33
Chris Olave,WR,NOS,5627,29
Kenneth Walker III,RB,KCC,5593,29
Nico Collins,WR,HOU,5591,29
DeVonta Smith,WR,PHI,5577,29
Ladd McConkey,WR,LAC,5565,28
Brock Purdy,QB,SFO,5559,28
Garrett Wilson,WR,NYJ,5530,28
Luther Burden,WR,CHI,5499,28
Tucker Kraft,TE,GBP,5481,28
Chase Brown,RB,CIN,5480,28
Quinshon Judkins,RB,CLE,5446,27
Jordan Love,QB,GBP,5434,27
Zay Flowers,WR,BAL,5385,26
Jordyn Tyson,WR,NOS,5369,26
Harold Fannin,TE,CLE,5369,26
Fernando Mendoza,QB,LVR,5301,26
Breece Hall,RB,NYJ,5282,25
Christian McCaffrey,RB,SFO,5273,25
Rome Odunze,WR,CHI,5255,25
TreVeyon Henderson,RB,NEP,5155,24
Saquon Barkley,RB,PHI,5146,24
Cam Ward,QB,TEN,5145,24
Sam LaPorta,TE,DET,5122,24
Kyle Pitts,TE,ATL,5071,23
A.J. Brown,WR,NEP,5041,23
Tee Higgins,WR,CIN,5007,22
Dak Prescott,QB,DAL,5004,22
Rashee Rice,WR,KCC,4982,22
Makai Lemon,WR,PHI,4967,22
Kyren Williams,RB,LAR,4940,22
Jaylen Waddle,WR,DEN,4897,21
Jadarian Price,RB,SEA,4872,21
Tyler Shough,QB,NOS,4832,20
Cam Skattebo,RB,NYG,4829,20
Brian Thomas Jr.,WR,JAC,4799,20
Marvin Harrison Jr.,WR,ARI,4725,19
Bucky Irving,RB,TBB,4700,19
Jameson Williams,WR,DET,4688,19
Jared Goff,QB,DET,4663,19
Baker Mayfield,QB,TBB,4646,19
C.J. Stroud,QB,HOU,4640,18
Javonte Williams,RB,DAL,4574,18
Kenyon Sadiq,TE,NYJ,4423,16
KC Concepcion,WR,CLE,4398,16
Bhayshul Tuten,RB,JAC,4370,16
Sam Darnold,QB,SEA,4319,15
Travis Etienne,RB,NOS,4270,15
Derrick Henry,RB,BAL,4191,14
Parker Washington,WR,JAC,4126,13
Josh Jacobs,RB,GBP,4091,13
Christian Watson,WR,GBP,3921,11
Isaiah Likely,TE,NYG,3913,11
Daniel Jones,QB,IND,3897,11
Jordan Addison,WR,MIN,3884,11
Kyler Murray,QB,MIN,3879,11
Matthew Stafford,QB,LAR,3871,11
Bryce Young,QB,CAR,3848,11
Oronde Gadsden,TE,LAC,3829,10
George Kittle,TE,SFO,3814,10
Eli Stowers,TE,PHI,3791,10
Alec Pierce,WR,ARI,3782,10
Michael Wilson,WR,ARI,3728,9
Matthew Golden,WR,GBP,3667,9
D'Andre Swift,RB,CHI,3663,9
Denzel Boston,WR,CLE,3660,9
Malik Willis,QB,MIA,3637,9
Josh Downs,WR,IND,3618,8
D.J. Moore,WR,BUF,3569,8
Omar Cooper Jr.,WR,NYJ,3523,8
Dalton Kincaid,TE,BUF,3516,8
Terry McLaurin,WR,WAS,3511,8
Brenton Strange,TE,JAC,3505,7
Jonathon Brooks,RB,CAR,3499,7
Jake Ferguson,TE,DAL,3474,7
Blake Corum,RB,LAR,3473,7
Kyle Monangai,RB,CHI,3463,7
Davante Adams,WR,LAR,3457,7
Quentin Johnston,WR,LAC,3431,7
Jayden Higgins,WR,HOU,3418,7
Ty Simpson,QB,LAR,3414,7
David Montgomery,RB,HOU,3413,7
Wan'Dale Robinson,WR,TEN,3408,7
Jayden Reed,WR,GBP,3399,7
RJ Harvey,RB,DEN,3398,7
Zach Charbonnet,RB,SEA,3395,7
DK Metcalf,WR,PIT,3362,6
Michael Pittman,WR,PIT,3356,6
Mike Evans,WR,SFO,3348,6
Jaylen Warren,RB,PIT,3338,6
Travis Hunter,WR,JAC,3307,6
Xavier Worthy,WR,KCC,3303,6
De'Zhaun Stribling,WR,SFO,3250,5
Chigoziem Okonkwo,TE,WAS,3224,5
Terrance Ferguson,TE,LAR,3196,5
Jalen Coker,WR,CAR,3189,5
Chuba Hubbard,RB,CAR,3156,5
Jonah Coleman,RB,DEN,3154,5
Rico Dowdle,RB,PIT,3127,4
Romeo Doubs,WR,NEP,3111,4
Jacory Croskey-Merritt,RB,WAS,3109,4
Courtland Sutton,WR,DEN,3104,4
AJ Barner,TE,SEA,3096,4
Rhamondre Stevenson,RB,NEP,3085,4
Mark Andrews,TE,BAL,3083,4
Carson Beck,QB,ARI,3056,4
J.K. Dobbins,RB,DEN,3048,4
Gunnar Helm,TE,TEN,3044,4
Dallas Goedert,TE,PHI,3040,4
Antonio Williams,WR,WAS,3010,3
T.J. Hockenson,TE,MIN,3007,3
Kenneth Gainwell,RB,TBB,2976,3
Travis Kelce,TE,KCC,2972,3
Nicholas Singleton,RB,TEN,2962,3
Jalen McMillan,WR,TBB,2956,3
Jakobi Meyers,WR,JAC,2927,3
Chris Bell,WR,MIA,2920,3
Chris Godwin,WR,TBB,2913,3
Zachariah Branch,WR,ATL,2911,3
Elijah Arroyo,TE,SEA,2831,2
Germie Bernard,WR,PIT,2823,2
Khalil Shakir,WR,BUF,2821,2
Michael Penix Jr.,QB,ATL,2819,2
Hunter Henry,TE,NEP,2807,2
Tony Pollard,RB,TEN,2803,2
Rachaad White,RB,WAS,2801,2
Rashid Shaheed,WR,SEA,2786,2
Jordan Mason,RB,MIN,2777,2
Stefon Diggs,WR,WAS,2771,2
Woody Marks,RB,HOU,2765,2
Juwan Johnson,TE,NOS,2754,2
Ja'Kobi Lane,WR,BAL,2750,2
Tyler Allgeier,RB,ARI,2686,1
Greg Dulcich,TE,MIA,2680,1
Tre Harris,WR,LAC,2675,1
Malachi Fields,WR,NYG,2675,1
Chris Rodriguez,RB,JAC,2653,1
Isaac TeSlaa,WR,DET,2651,1
Adonai Mitchell,WR,NYJ,2646,1
Eli Raridon,TE,NEP,2644,1
Ted Hurst,WR,TBB,2635,1
Keaton Mitchell,RB,LAC,2634,1
Max Klare,TE,LAR,2633,1
David Njoku,TE,LAC,2633,1
Elijah Sarratt,WR,BAL,2629,1
Tyrone Tracy,RB,NYG,2629,1
Cade Otton,TE,TBB,2622,1
